Page,Job URLs Found,Rows Added,Timestamp
1501,35,48,2026-09-28T16:23:28
1502,35,49,2026-09-28T16:25:16
1503,35,56,2026-09-28T16:27:04
1504,35,45,2026-09-28T16:30:38
1505,35,54,2026-09-28T16:34:10
1506,35,50,2026-09-28T16:37:50
1507,35,45,2026-09-28T16:39:29
1508,35,84,2026-09-28T16:41:19
1509,35,84,2026-09-28T17:21:47
1510,35,66,2026-09-28T17:22:43
1511,35,47,2026-09-28T17:23:39
1512,35,57,2026-09-28T17:24:36
1513,35,67,2026-09-28T17:25:31
1514,35,53,2026-09-28T17:26:28
1515,35,57,2026-09-28T17:27:22
1516,35,54,2026-09-28T17:28:15
1517,35,80,2026-09-28T17:29:08
1518,35,44,2026-09-28T17:30:02
1519,35,46,2026-09-28T17:30:56
1520,35,43,2026-09-28T17:31:50
1521,35,50,2026-09-28T17:32:45
1522,35,64,2026-09-28T17:33:40
1523,35,64,2026-09-28T17:34:33
